UNITID,OPEID,OPEID6,INSTNM,CITY,STABBR,ZIP,ACCREDAGENCY,INSTURL,NPCURL,REGION,LOCALE,LATITUDE,SAT_AVG,BOOKSUPPLY,ROOMBOARD_ON,OTHEREXPENSE_ON,ROOMBOARD_OFF,OTHEREXPENSE_OFF,SCORECARD_SECTOR,GRANTS OPPS
110486,799300,7993,California State University-Bakersfield,Bakersfield,CA,93311-1099,Western Association of Schools and Colleges Senior Colleges and University Commission,www.csub.edu/,https://www2.calstate.edu/attend/paying-for-college/Pages/csu-costs.aspx,8,11,35.350005,NA,1068,14430,3782,16316,6424,4,Cal Grant
110495,115700,1157,California State University-Stanislaus,Turlock,CA,95382-0299,Western Association of Schools and Colleges Senior Colleges and University Commission,https://www.csustan.edu/,https://finaid.csustan.edu/netpricecalculator/,8,23,37.52577,NA,1038,12728,3714,19752,5632,4,Cal Grant
110510,114200,1142,California State University-San Bernardino,San Bernardino,CA,92407-2393,Western Association of Schools and Colleges Senior Colleges and University Commission,www.csusb.edu/,https://www2.calstate.edu/attend/paying-for-college/Pages/csu-costs.aspx,8,12,34.182622,NA,788,12996,3738,17005,6321,4,Cal Grant
110529,114400,1144,California State Polytechnic University-Pomona,Pomona,CA,91768,Western Association of Schools and Colleges Senior Colleges and University Commission,www.cpp.edu/,https://www.cpp.edu/financial-aid/resources/net-price-calculator.shtml,8,21,34.057912,NA,995,16330,4041,17936,5927,4,Cal Grant
110538,114600,1146,California State University-Chico,Chico,CA,95929-0150,Western Association of Schools and Colleges Senior Colleges and University Commission,www.csuchico.edu/,https://www2.calstate.edu/attend/paying-for-college/Pages/csu-costs.aspx,8,12,39.729712,NA,1052,16020,2894,11280,4668,4,Cal Grant
110547,114100,1141,California State University-Dominguez Hills,Carson,CA,90747-0005,Western Association of Schools and Colleges Senior Colleges and University Commission,https://www.csudh.edu/,https://www.calstate.edu/attend/paying-for-college/Pages/csu-costs.aspx,8,13,33.864766,NA,1106,16886,3714,20258,7546,4,Cal Grant
110556,114700,1147,California State University-Fresno,Fresno,CA,93740,Western Association of Schools and Colleges Senior Colleges and University Commission,www.fresnostate.edu/,https://studentaffairs.fresnostate.edu/financialaid/netprice/index.html,8,11,36.811154,NA,938,11634,4198,15684,5805,4,Cal Grant
110565,113700,1137,California State University-Fullerton,Fullerton,CA,92832-3599,Western Association of Schools and Colleges Senior Colleges and University Commission,www.fullerton.edu/,www.fullerton.edu/financialaid/calculator/,8,21,33.881506,NA,965,18348,4254,18464,5919,4,Cal Grant
110574,113800,1138,California State University-East Bay,Hayward,CA,94542,Western Association of Schools and Colleges Senior Colleges and University Commission,https://www.csueastbay.edu/,https://www.csueastbay.edu/financialaid/files/images/net-price-calculator/npcalc.htm,8,21,37.657694,NA,1003,16480,3978,21375,6853,4,Cal Grant
110583,113900,1139,California State University-Long Beach,Long Beach,CA,90840-0115,Western Association of Schools and Colleges Senior Colleges and University Commission,www.csulb.edu/,https://www2.calstate.edu/attend/paying-for-college/Pages/csu-costs.aspx,8,11,33.782818,NA,1490,15612,4306,17166,5948,4,Cal Grant
110592,114000,1140,California State University-Los Angeles,Los Angeles,CA,90032-8506,Western Association of Schools and Colleges Senior Colleges and University Commission,https://www.calstatela.edu/,https://www2.calstate.edu/attend/paying-for-college/Pages/csu-costs.aspx,8,11,34.066927,NA,1011,18658,6858,19539,6670,4,Cal Grant
110608,115300,1153,California State University-Northridge,Northridge,CA,91330,Western Association of Schools and Colleges Senior Colleges and University Commission,https://www.csun.edu/,https://www.csun.edu/financialaid/net-price-calculator,8,11,34.240126,NA,1284,12648,3244,20306,4430,4,Cal Grant
110617,115000,1150,California State University-Sacramento,Sacramento,CA,95819-2694,Western Association of Schools and Colleges Senior Colleges and University Commission,https://www.csus.edu/,https://www2.calstate.edu/attend/paying-for-college/Pages/csu-costs.aspx,8,11,38.559415,NA,1112,16278,4426,21042,5488,4,Cal Grant
110635,131200,1312,University of California-Berkeley,Berkeley,CA,94720,Western Association of Schools and Colleges Senior Colleges and University Commission,www.berkeley.edu/,https://financialaid.berkeley.edu/how-aid-works/estimate-your-financial-aid/,8,12,37.871918,NA,1273,22692,6238,17614,6580,4,Cal Grant
110644,131300,1313,University of California-Davis,Davis,CA,95616-8678,Western Association of Schools and Colleges Senior Colleges and University Commission,ucdavis.edu/,myawards.ucdavis.edu/AidEstimator,8,23,38.539667,NA,1381,19068,5359,13076,5865,4,Cal Grant
110653,131400,1314,University of California-Irvine,Irvine,CA,92697,Western Association of Schools and Colleges Senior Colleges and University Commission,www.uci.edu/,www.ofas.uci.edu/content/Calculator.aspx,8,11,33.648434,NA,1550,18423,4841,16216,5907,4,Cal Grant
110662,131500,1315,University of California-Los Angeles,Los Angeles,CA,90095-1405,Western Association of Schools and Colleges Senior Colleges and University Commission,www.ucla.edu/,https://admission.ucla.edu/tuition-aid/net-cost-calculator,8,11,34.07178,NA,1574,17148,5562,17436,6320,4,Cal Grant
110671,131600,1316,University of California-Riverside,Riverside,CA,92521,Western Association of Schools and Colleges Senior Colleges and University Commission,www.ucr.edu/,netpricecalculator.ucr.edu/,8,11,33.97246,NA,1748,19433,4934,13781,5752,4,Cal Grant
110680,131700,1317,University of California-San Diego,La Jolla,CA,92093,Western Association of Schools and Colleges Senior Colleges and University Commission,www.ucsd.edu/,fas.ucsd.edu/forms-and-resources/financial-aid-estimator/index.html,8,11,32.877749,NA,1307,17198,4735,15566,5546,4,Cal Grant
110705,132000,1320,University of California-Santa Barbara,Santa Barbara,CA,93106,Western Association of Schools and Colleges Senior Colleges and University Commission,www.ucsb.edu/,finaid.ucsb.edu/net-price-calculator,8,22,34.416297,NA,1482,18684,5456,15416,6076,4,Cal Grant
110714,132100,1321,University of California-Santa Cruz,Santa Cruz,CA,95064-1011,Western Association of Schools and Colleges Senior Colleges and University Commission,www.ucsc.edu/,www2.ucsc.edu/finaidcalc/,8,13,36.995584,NA,1315,18785,5646,16697,6264,4,Cal Grant
237011,380200,3802,Western Washington University,Bellingham,WA,98225-9008,Northwest Commission on Colleges and Universities,wwu.edu/,tcc.ruffalonl.com/Western Washington University/Freshman-Students,8,13,48.737812,1235,1176,14915,4590,14915,4590,4,Cal Grant
237057,380300,3803,Whitman College,Walla Walla,WA,99362,Northwest Commission on Colleges and Universities,www.whitman.edu/,https://www.whitman.edu/admission-and-aid/financial-aid-and-costs/net-price-calculator,8,13,46.069815,1365,1400,14640,800,14640,800,5,Cal Grant
236577,378800,3788,Seattle Pacific University,Seattle,WA,98119-1997,Northwest Commission on Colleges and Universities,https://spu.edu/,https://spu.edu/undergraduate-admissions/scholarships-financial-aid/net-price-calculator,8,11,47.650214,1191,768,15498,3888,15498,3888,5,Washington State Grant
236595,379000,3790,Seattle University,Seattle,WA,98122-4340,Northwest Commission on Colleges and Universities,www.seattleu.edu/,www.seattleu.edu/undergraduate-admissions/finances/calculator/,8,11,47.608859,1266,762,14748,3818,14748,3818,5,Washington State Grant
236939,380000,3800,Washington State University,Pullman,WA,99164-5910,Northwest Commission on Colleges and Universities,https://wsu.edu/,https://forms.financialaid.wsu.edu/cost-of-attendanceaid-estimator/npc/,8,32,46.730448,NA,762,13131,3642,13131,3642,4,Washington State Grant
235097,377500,3775,Eastern Washington University,Cheney,WA,99004-2496,Northwest Commission on Colleges and Universities,www.ewu.edu/,https://tcc.ruffalonl.com/Eastern Washington University/Freshmen,8,31,47.490667,NA,798,14880,3867,14880,3867,4,Washington State Grant
142276,162000,1620,Idaho State University,Pocatello,ID,83209,Northwest Commission on Colleges and Universities,www.isu.edu/,https://www.isu.edu/financialaid/consumer-information/net-price-calculator/,7,13,42.863832,NA,1000,7924,5930,8370,5930,4,Idaho LAUNCH
142115,161600,1616,Boise State University,Boise,ID,83725,Northwest Commission on Colleges and Universities,https://www.boisestate.edu/,https://fs.boisestate.edu/financialaid/Net+Price+Calculator.html,7,12,43.604284,NA,1226,16610,5723,13080,6064,4,Idaho LAUNCH
142285,162600,1626,University of Idaho,Moscow,ID,83844-2282,Northwest Commission on Colleges and Universities,www.uidaho.edu/,www.uidaho.edu/financial-aid/cost-of-attendance,7,32,46.727406,1088,1232,10380,3552,10380,3552,4,Idaho LAUNCH
209056,319700,3197,Lewis & Clark College,Portland,OR,97219-7899,Northwest Commission on Colleges and Universities,www.lclark.edu/,www.lclark.edu/offices/financial_aid/undergrad/net_price_calculator/,8,11,45.450882,1321,1050,15002,2052,15002,2052,5,Oregon Opportunity Grant
209542,321000,3210,Oregon State University,Corvallis,OR,97331,Northwest Commission on Colleges and Universities,https://oregonstate.edu/,https://financialaid.oregonstate.edu/net-price-calculator,8,13,44.56395,NA,600,15075,3036,15075,3036,4,Oregon Opportunity Grant
209551,322300,3223,University of Oregon,Eugene,OR,97403,Northwest Commission on Colleges and Universities,https://www.uoregon.edu/,https://financialaid.uoregon.edu/net_price_calculator,8,12,44.045146,1257,1320,15840,2892,12378,2892,4,Oregon Opportunity Grant
209612,321200,3212,Pacific University,Forest Grove,OR,97116,Northwest Commission on Colleges and Universities,https://www.pacificu.edu/,https://www.pacificu.edu/financial-aid-scholarships/net-price-calculator,8,21,45.521394,1123,1050,15058,1800,10236,1800,5,Oregon Opportunity Grant
209825,322400,3224,University of Portland,Portland,OR,97203-5798,Northwest Commission on Colleges and Universities,https://www.up.edu/,https://www.up.edu/finaid/costs/net-price-calculator.html,8,11,45.572724,1277,810,16600,2390,14608,2390,5,Oregon Opportunity Grant
209922,321700,3217,Reed College,Portland,OR,97202-8199,Northwest Commission on Colleges and Universities,https://www.reed.edu/,https://npc.collegeboard.org/app/reed,8,11,45.480959,1420,1050,16820,1650,12690,1650,5,Oregon Opportunity Grant
180106,252600,2526,Carroll College,Helena,MT,59625-0002,Northwest Commission on Colleges and Universities,www.carroll.edu/,www.carroll.edu/admission-aid/tuition-costs/net-price-calculator,7,13,46.600771,1170,800,11624,3268,11624,3268,5,NA
180179,253000,2530,Montana State University Billings,Billings,MT,59101-0298,Northwest Commission on Colleges and Universities,www.msubillings.edu/,www.msubillings.edu/geninfo/aboutmsub.htm,7,12,45.796896,NA,1700,9800,5490,9800,5490,4,NA
180461,253200,2532,Montana State University,Bozeman,MT,59717,Northwest Commission on Colleges and Universities,https://www.montana.edu/,https://www.montana.edu/admissions/tuitioncalc/,7,13,45.666726,1154,1450,13446,3692,13446,3692,4,NA
180416,253100,2531,Montana Technological University,Butte,MT,59701-8997,Northwest Commission on Colleges and Universities,https://www.mtech.edu/,https://www.mtech.edu/financial-aid/cost/,7,33,46.012868,1126,1260,11530,4048,11530,4048,4,NA
180258,252700,2527,University of Providence,Great Falls,MT,59405-4996,Northwest Commission on Colleges and Universities,www.uprovidence.edu/,www.uprovidence.edu/financial-services/net-price-calculator/,7,13,47.490713,985,1000,10500,4000,8000,6000,5,NA
180489,253600,2536,The University of Montana,Missoula,MT,59812,Northwest Commission on Colleges and Universities,www.umt.edu/,https://www.umt.edu/finaid/cost-of-attendance/net-price-calculator/default.php,7,13,46.859312,1190,1100,12192,3784,12192,4572,4,NA
243744,130500,1305,Stanford University,Stanford,CA,94305,Western Association of Schools and Colleges Senior Colleges and University Commission,www.stanford.edu/,financialaid.stanford.edu/undergrad/how/calculator/index.html?tab=net-price-calculator,8,21,37.429434,1553,825,19922,4602,NA,NA,5,Cal Grant
123961,132800,1328,University of Southern California,Los Angeles,CA,90089,Western Association of Schools and Colleges Senior Colleges and University Commission,www.usc.edu/,https://financialaid.usc.edu/npc,8,11,34.021281,1501,1200,19198,1818,19198,1818,5,Cal Grant
122931,132600,1326,Santa Clara University,Santa Clara,CA,95053,Western Association of Schools and Colleges Senior Colleges and University Commission,www.scu.edu/,https://www.scu.edu/financialaid/Net-Price-Calculator.cfm,8,12,37.348362,1417,939,18984,3978,19431,6192,5,Cal Grant
111948,116400,1164,Chapman University,Orange,CA,92866,Western Association of Schools and Colleges Senior Colleges and University Commission,https://www.chapman.edu/,https://www.chapman.edu/students/tuition-and-aid/financial-aid/net-cost-calculator/index.aspx,8,12,33.79302,1353,1600,17378,3318,15100,4068,5,Cal Grant
166027,215500,2155,Harvard University,Cambridge,MA,2138,New England Commission on Higher Education,www.harvard.edu/,college.harvard.edu/financial-aid/net-price-calculator,1,12,42.374471,1553,1000,20374,6255,NA,NA,5,NA
190150,270700,2707,Columbia University in the City of New York,New York,NY,10027,Middle States Commission on Higher Education,www.columbia.edu/,cc-seas.financialaid.columbia.edu/estimate-cost,2,11,40.808286,1547,1392,16800,2350,17058,3492,5,NA
182670,257300,2573,Dartmouth College,Hanover,NH,03755-3529,New England Commission on Higher Education,www.dartmouth.edu/,admissions.dartmouth.edu/afford/estimate-your-cost,1,33,43.704115,1533,1005,19009,2040,NA,NA,5,NA
190415,271100,2711,Cornell University,Ithaca,NY,14853,Middle States Commission on Higher Education,www.cornell.edu/,https://npc.collegeboard.org/app/cornell,2,13,42.4472,1520,1354,18554,2218,18554,2218,5,NA
130794,142600,1426,Yale University,New Haven,CT,6520,New England Commission on Higher Education,https://www.yale.edu/,https://admissions.yale.edu/estimate-your-cost,1,12,41.311158,1534,1000,19180,3420,NA,NA,5,NA
217156,340100,3401,Brown University,Providence,RI,2912,New England Commission on Higher Education,www.brown.edu/,https://npc.collegeboard.org/app/brown,1,12,41.82617,1546,0,16598,2820,NA,NA,5,NA
215062,337800,3378,University of Pennsylvania,Philadelphia,PA,19104-6303,Middle States Commission on Higher Education,www.upenn.edu/,https://npc.collegeboard.org/student/app/upenn,2,11,39.950929,1545,1358,18496,3070,18360,3070,5,The Grizzly Promise
100663,105200,1052,University of Alabama at Birmingham,Birmingham,AL,35294-0110,Southern Association of Colleges and Schools Commission on Colleges,https://www.uab.edu/,https://tcc.ruffalonl.com/University of Alabama at Birmingham/Freshman-Students,5,12,33.505697,1251,1200,13590,5757,14580,6007,4,Alabama Student Assistance Program (ASAP)
100724,100500,1005,Alabama State University,Montgomery,AL,36104-0271,Southern Association of Colleges and Schools Commission on Colleges,www.alasu.edu/,www.alasu.edu/cost-aid/tuition-costs/net-price-calculator,5,12,32.364317,977,1600,7690,3392,7320,5130,4,Alabama Student Assistance Program (ASAP)
100751,105100,1051,The University of Alabama,Tuscaloosa,AL,35487-0100,Southern Association of Colleges and Schools Commission on Colleges,www.ua.edu/,ua.aidcalc.cloud/netprice.htm,5,12,33.211875,1287,800,14840,5842,14564,6598,4,Alabama Student Assistance Program (ASAP)
100858,100900,1009,Auburn University,Auburn,AL,36849,Southern Association of Colleges and Schools Commission on Colleges,www.auburn.edu/,https://www.auburn.edu/admissions/costcalc/freshman.html,5,13,32.599378,1318,1200,15396,6166,14736,6166,4,Alabama Student Assistance Program (ASAP)
101879,101600,1016,University of North Alabama,Florence,AL,35632-0001,Southern Association of Colleges and Schools Commission on Colleges,https://www.una.edu/,https://www.una.edu/financial-aid/calculator/,5,13,34.80731,NA,1500,7900,3400,7900,3700,4,Alabama Student Assistance Program (ASAP)
102049,103600,1036,Samford University,Birmingham,AL,35229-2240,Southern Association of Colleges and Schools Commission on Colleges,www.samford.edu/,https://www.samford.edu/admission/net-price-calculator,5,21,33.464128,1203,1200,12160,5952,20139,6687,5,Alabama Student Assistance Program (ASAP)
102553,1146200,11462,University of Alaska Anchorage,Anchorage,AK,99508,Northwest Commission on Colleges and Universities,www.uaa.alaska.edu/,www.uaa.alaska.edu/financialaid/customcf/npcalc.htm,8,11,61.190163,NA,720,12412,8882,15648,10954,4,Alaska Education Grant (AEG)
102669,106100,1061,Alaska Pacific University,Anchorage,AK,99508,Northwest Commission on Colleges and Universities,www.alaskapacific.edu/,https://npc.collegeboard.org/student/app/alaskapacific,8,11,61.190968,NA,1200,8932,5000,18200,5000,5,Alaska Education Grant (AEG)
104179,108300,1083,University of Arizona,Tucson,AZ,85721-0066,Western Association of Schools and Colleges Senior Colleges and University Commission,https://www.arizona.edu/,https://arizona.studentaidcalculator.com/survey.aspx,6,11,32.232672,1261,800,14400,4300,12000,4300,4,Arizona Leveraging Educational Assistance Partnership (AzLEAP)
104717,107400,1074,Grand Canyon University,Phoenix,AZ,85017,Higher Learning Commission,www.gcu.edu/,https://www.gcu.edu/tuition-and-financial-aid,6,11,33.513231,1095,750,11162,4300,11162,4300,6,Arizona Leveraging Educational Assistance Partnership (AzLEAP)
105330,108200,1082,Northern Arizona University,Flagstaff,AZ,86011-4092,Higher Learning Commission,https://nau.edu/,https://app.meadowfi.com/nau,6,13,35.188449,NA,900,11728,4400,17248,4400,4,Arizona Leveraging Educational Assistance Partnership (AzLEAP)
106397,110800,1108,University of Arkansas,Fayetteville,AR,72701,Higher Learning Commission,https://www.uark.edu/,https://finaid.uark.edu/aid-calculator.php,5,13,36.070009,1174,1154,13290,5816,13290,5816,4,Arkansas Academic Challenge Scholarship
106458,109000,1090,Arkansas State University,Jonesboro,AR,72401,Higher Learning Commission,www.astate.edu/,www.astate.edu/a/finaid/tuition-fees/net-price-calculator/index.dot,5,13,35.842388,1119,1250,11100,6122,10935,7788,4,Arkansas Academic Challenge Scholarship
106704,109200,1092,University of Central Arkansas,Conway,AR,72035-0001,Higher Learning Commission,www.uca.edu/,uca.edu/financialaid/financial-aid-net-price-calculator/,5,13,35.077945,1117,1230,8662,5447,9349,7513,4,Arkansas Academic Challenge Scholarship
106713,109300,1093,Central Baptist College,Conway,AR,72034,Higher Learning Commission,www.cbc.edu/,https://www.cbc.edu/estimateexpenses,5,13,35.083838,1022,1704,8500,2838,6336,3204,5,Arkansas Academic Challenge Scholarship
109785,111700,1117,Azusa Pacific University,Azusa,CA,91702-7000,Western Association of Schools and Colleges Senior Colleges and University Commission,www.apu.edu/,https://www.apu.edu/undergraduate-admissions/financialaid/calculator/,8,21,34.130047,1155,938,9724,3530,20234,5392,5,Cal Grant
110097,112200,1122,Biola University,La Mirada,CA,90639-0001,Western Association of Schools and Colleges Senior Colleges and University Commission,https://www.biola.edu/,https://www.biola.edu/financial-aid/resources/net-price-calculator#net-price,8,21,33.906203,1258,1200,11234,3868,11234,3868,5,Cal Grant
110361,112500,1125,California Baptist University,Riverside,CA,92504-3297,Western Association of Schools and Colleges Senior Colleges and University Commission,www.calbaptist.edu/,https://calbaptist.studentaidcalculator.com/welcome.aspx,8,11,33.929321,NA,938,11630,3610,20234,5472,5,Cal Grant
110413,113300,1133,California Lutheran University,Thousand Oaks,CA,91360-2787,Western Association of Schools and Colleges Senior Colleges and University Commission,www.callutheran.edu/,https://www.callutheran.edu/financial-aid/tuition-fees/net-price-calculator.html,8,12,34.224566,1224,936,17734,4046,19431,6260,5,Cal Grant
110422,114300,1143,California Polytechnic State University-San Luis Obispo,San Luis Obispo,CA,93407,Western Association of Schools and Colleges Senior Colleges and University Commission,calpoly.edu/,https://www.calpoly.edu/net-price-calculator,8,23,35.299513,NA,1089,17220,2937,18042,2937,4,Cal Grant
115409,117100,1171,Harvey Mudd College,Claremont,CA,91711,Western Association of Schools and Colleges Senior Colleges and University Commission,https://www.hmc.edu/,https://npc.collegeboard.org/student/app/hmc,8,21,34.106515,1537,800,21710,1400,11182,1400,5,Cal Grant
120254,124900,1249,Occidental College,Los Angeles,CA,90041-3392,Western Association of Schools and Colleges Senior Colleges and University Commission,https://www.oxy.edu/,https://npc.collegeboard.org/app/occidental,8,11,34.127124,1461,1240,18284,1830,NA,NA,5,Cal Grant
121257,117200,1172,Pitzer College,Claremont,CA,91711-6101,Western Association of Schools and Colleges Senior Colleges and University Commission,https://www.pitzer.edu/,https://npc.collegeboard.org/app/pitzer,8,21,34.104107,NA,1100,21374,1300,16432,1300,5,Cal Grant
121309,126200,1262,Point Loma Nazarene University,San Diego,CA,92106-2899,Western Association of Schools and Colleges Senior Colleges and University Commission,www.pointloma.edu/,www.pointloma.edu/NPC,8,11,32.718391,1278,938,12850,3530,20232,5392,5,Cal Grant
121691,132200,1322,University of Redlands,Redlands,CA,92373-0999,Western Association of Schools and Colleges Senior Colleges and University Commission,www.redlands.edu/,www.redlands.edu/npc,8,13,34.064218,1231,1700,17624,3536,17424,3736,5,Cal Grant
122409,115100,1151,San Diego State University,San Diego,CA,92182-0001,Western Association of Schools and Colleges Senior Colleges and University Commission,www.sdsu.edu/,https://www2.calstate.edu/attend/paying-for-college/pages/csu-costs.aspx,8,11,32.77525,NA,908,21630,3244,17110,5140,4,Cal Grant
122436,1039500,10395,University of San Diego,San Diego,CA,92110-2492,Western Association of Schools and Colleges Senior Colleges and University Commission,www.sandiego.edu/,www.sandiego.edu/admissions/undergraduate/tuition-financial-aid/net-price-calculator.php,8,11,32.770816,NA,938,18084,3978,19431,6192,5,Cal Grant
122597,115400,1154,San Francisco State University,San Francisco,CA,94132,Western Association of Schools and Colleges Senior Colleges and University Commission,www.sfsu.edu/,https://financialaid.sfsu.edu/cost-attendance,8,11,37.721224,NA,1099,17955,3978,19431,6192,4,Cal Grant
122612,132500,1325,University of San Francisco,San Francisco,CA,94117-1080,Western Association of Schools and Colleges Senior Colleges and University Commission,https://www.usfca.edu/,https://www.usfca.edu/admission/financial-aid/net-price-calculator,8,11,37.776618,1313,1152,17300,4752,18236,4752,5,Cal Grant
122755,115500,1155,San Jose State University,San Jose,CA,95192-0001,Western Association of Schools and Colleges Senior Colleges and University Commission,www.sjsu.edu/,https://www.sjsu.edu/faso/docs/net-price-calculator.html,8,11,37.336569,NA,938,19866,3514,19431,4910,4,Cal Grant
123572,115600,1156,Sonoma State University,Rohnert Park,CA,94928-3609,Western Association of Schools and Colleges Senior Colleges and University Commission,https://sonoma.edu/,https://financialaid.sonoma.edu/cost-attendance/net-price-calculator,8,21,38.340274,NA,822,15770,2492,19430,4890,4,Cal Grant
126580,450900,4509,University of Colorado Colorado Springs,Colorado Springs,CO,80918,Higher Learning Commission,https://www.uccs.edu/,https://ir.uccs.edu/institutionaldata/net-price-calculators,7,11,38.892735,1140,1400,12278,4800,13500,4800,4,Colorado State Grant 
126678,134700,1347,Colorado College,Colorado Springs,CO,80903,Higher Learning Commission,www.coloradocollege.edu/,https://www.shoppingsheet.com/shopping/landing/126678,7,11,38.84886,1445,1240,15228,2728,15228,2728,5,Colorado State Grant 
127060,137100,1371,University of Denver,Denver,CO,80208,Higher Learning Commission,www.du.edu/,https://www.du.edu/financialaid/undergraduate/calculator/,7,11,39.678005,1344,1000,17049,3147,17049,3147,5,Colorado State Grant 
129020,141700,1417,University of Connecticut,Storrs,CT,6269,New England Commission on Higher Education,uconn.edu/,financialaid.uconn.edu/pricecalc/,1,31,41.809098,1338,990,13996,4330,14764,4330,4,"Roberta B. Willis Scholarship Program, Connecticut State University Grant"
129242,138500,1385,Fairfield University,Fairfield,CT,06824-5195,New England Commission on Higher Education,fairfield.edu/,npc.collegeboard.org/app/fairfield,1,21,41.157673,1323,1175,17400,2005,17500,2005,5,Roberta B. Willis Scholarship Program
129525,142200,1422,University of Hartford,West Hartford,CT,06117-1599,New England Commission on Higher Education,www.hartford.edu/,https://www.hartford.edu/admission/tuition-fees/tuition-calculator.aspx,1,12,41.798591,1207,1460,13945,3412,12301,3785,5,Roberta B. Willis Scholarship Program
129941,139700,1397,University of New Haven,West Haven,CT,06516-1916,New England Commission on Higher Education,www.newhaven.edu/,https://www.newhaven.edu/admissions/financial-aid/undergraduate/prospective/estimate.php,1,21,41.291314,1190,1240,19954,2680,14327,5382,5,Roberta B. Willis Scholarship Program
130226,140200,1402,Quinnipiac University,Hamden,CT,6518,New England Commission on Higher Education,www.qu.edu/,https://quinnipiac.studentaidcalculator.com/welcome.aspx,1,21,41.418915,1212,1100,16470,2660,15260,3160,5,Roberta B. Willis Scholarship Program
130253,140300,1403,Sacred Heart University,Fairfield,CT,06825-1000,New England Commission on Higher Education,https://www.sacredheart.edu/,https://www.sacredheart.edu/admissions--aid/financial-assistance/full-time-undergraduates/net-price-calculator/,1,21,41.220893,NA,1200,18450,2650,14030,3150,5,Roberta B. Willis Scholarship Program
130697,142400,1424,Wesleyan University,Middletown,CT,6459,New England Commission on Higher Education,https://www.wesleyan.edu/,https://www.wesleyan.edu/admission/afford-aid/tuition-fees.html#calculators,1,13,41.554665,1513,1200,19034,1470,NA,NA,5,Roberta B. Willis Scholarship Program
130934,142800,1428,Delaware State University,Dover,DE,19901,Middle States Commission on Higher Education,www.desu.edu/,www.desu.edu/npc,2,13,39.187173,984,1500,13634,4788,13634,5643,4,NA
130943,143100,1431,University of Delaware,Newark,DE,19716,Middle States Commission on Higher Education,www.udel.edu/,www.udel.edu/apply/undergraduate-admissions/financing-your-degree/net-price-calculator/,2,21,39.679577,1297,1000,14838,1800,14838,1000,4,NA
131113,794800,7948,Wilmington University,New Castle,DE,19720,Middle States Commission on Higher Education,www.wilmu.edu/,https://npc.collegeboard.org/student/app/wilmu,2,21,39.682299,NA,1800,NA,NA,6000,1800,5,NA
131159,143400,1434,American University,Washington,DC,20016-8001,Middle States Commission on Higher Education,www.american.edu/,www.american.edu/financialaid/Net-Price-Calculator-Form.cfm,2,11,38.936005,1392,1000,17012,1620,14712,2404,5,NA
131469,144400,1444,George Washington University,Washington,DC,20052,Middle States Commission on Higher Education,https://www.gwu.edu/,https://financialaid.gwu.edu/net-price-calculator,2,11,38.89923,1433,1400,16300,1625,16300,1625,5,NA
131496,144500,1445,Georgetown University,Washington,DC,20057-0001,Middle States Commission on Higher Education,www.georgetown.edu/,finaid.georgetown.edu/consumer-info#Net Price,2,11,38.908809,1494,1200,19750,2710,NA,NA,5,NA
131520,144800,1448,Howard University,Washington,DC,20059,Middle States Commission on Higher Education,www.howard.edu/,https://www2.howard.edu/student-financial-services/net-price-calculator,2,11,38.922392,1205,1360,16474,3452,22216,6776,5,NA
132903,395400,3954,University of Central Florida,Orlando,FL,32816,Southern Association of Colleges and Schools Commission on Colleges,www.ucf.edu/,finaid.ucf.edu/net-price-calculator/,5,21,28.602159,1277,1000,12070,5230,12070,5230,4,The Florida Student Assistance Grant
132903,395400,3954,University of Central Florida,Orlando,FL,32817,Southern Association of Colleges and Schools Commission on Colleges,www.ucf.edu/,finaid.ucf.edu/net-price-calculator/,5,21,28.602159,1277,1000,12070,5230,12070,5230,4,The Florida Student Assistance Grant
132903,395400,3954,University of Central Florida,Orlando,FL,32818,Southern Association of Colleges and Schools Commission on Colleges,www.ucf.edu/,finaid.ucf.edu/net-price-calculator/,5,21,28.602159,1277,1000,12070,5230,12070,5230,4,The Florida Student Assistance Grant
132903,395400,3954,University of Central Florida,Orlando,FL,32819,Southern Association of Colleges and Schools Commission on Colleges,www.ucf.edu/,finaid.ucf.edu/net-price-calculator/,5,21,28.602159,1277,1000,12070,5230,12070,5230,4,The Florida Student Assistance Grant
132903,395400,3954,University of Central Florida,Orlando,FL,32820,Southern Association of Colleges and Schools Commission on Colleges,www.ucf.edu/,finaid.ucf.edu/net-price-calculator/,5,21,28.602159,1277,1000,12070,5230,12070,5230,4,The Florida Student Assistance Grant
132903,395400,3954,University of Central Florida,Orlando,FL,32821,Southern Association of Colleges and Schools Commission on Colleges,www.ucf.edu/,finaid.ucf.edu/net-price-calculator/,5,21,28.602159,1277,1000,12070,5230,12070,5230,4,The Florida Student Assistance Grant
132903,395400,3954,University of Central Florida,Orlando,FL,32822,Southern Association of Colleges and Schools Commission on Colleges,www.ucf.edu/,finaid.ucf.edu/net-price-calculator/,5,21,28.602159,1277,1000,12070,5230,12070,5230,4,The Florida Student Assistance Grant
132903,395400,3954,University of Central Florida,Orlando,FL,32823,Southern Association of Colleges and Schools Commission on Colleges,www.ucf.edu/,finaid.ucf.edu/net-price-calculator/,5,21,28.602159,1277,1000,12070,5230,12070,5230,4,The Florida Student Assistance Grant
132903,395400,3954,University of Central Florida,Orlando,FL,32824,Southern Association of Colleges and Schools Commission on Colleges,www.ucf.edu/,finaid.ucf.edu/net-price-calculator/,5,21,28.602159,1277,1000,12070,5230,12070,5230,4,The Florida Student Assistance Grant
132903,395400,3954,University of Central Florida,Orlando,FL,32825,Southern Association of Colleges and Schools Commission on Colleges,www.ucf.edu/,finaid.ucf.edu/net-price-calculator/,5,21,28.602159,1277,1000,12070,5230,12070,5230,4,The Florida Student Assistance Grant
132903,395400,3954,University of Central Florida,Orlando,FL,32826,Southern Association of Colleges and Schools Commission on Colleges,www.ucf.edu/,finaid.ucf.edu/net-price-calculator/,5,21,28.602159,1277,1000,12070,5230,12070,5230,4,The Florida Student Assistance Grant
138716,154400,1544,Albany State University,Albany,GA,31705,Southern Association of Colleges and Schools Commission on Colleges,https://www.asurams.edu/,https://www.asurams.edu/enrollment-management/financial-aid/netpricecalculator.php,5,13,31.56928,NA,1220,9066,3400,10406,3400,4, Georgia College Completion Grant
139658,156400,1564,Emory University,Atlanta,GA,30322,Southern Association of Colleges and Schools Commission on Colleges,www.emory.edu/,https://npc.collegeboard.org/app/emory,5,11,33.790183,1507,1250,18972,2626,18972,2626,5,Georgia Tuition Equalization Grant Program 
139755,156900,1569,Georgia Institute of Technology-Main Campus,Atlanta,GA,30332-0530,Southern Association of Colleges and Schools Commission on Colleges,www.gatech.edu/,admission.gatech.edu/npc_2022/,5,11,33.77242,1447,800,12760,3200,12760,3200,4, Georgia College Completion Grant
139940,157400,1574,Georgia State University,Atlanta,GA,30303-3083,Southern Association of Colleges and Schools Commission on Colleges,www.gsu.edu/,admissions.gsu.edu/cost-calculator/,5,11,33.7527,1149,2000,16328,4662,14871,6593,4, Georgia College Completion Grant
139959,159800,1598,University of Georgia,Athens,GA,30602,Southern Association of Colleges and Schools Commission on Colleges,www.uga.edu/,https://osfa.uga.edu/sites/default/files/npcalc.htm,5,12,33.956262,1301,1002,11246,4678,9898,5634,4, Georgia College Completion Grant
141565,161100,1611,University of Hawaii at Hilo,Hilo,HI,96720-4091,Western Association of Schools and Colleges Senior Colleges and University Commission,https://hilo.hawaii.edu/,https://hilo.hawaii.edu/financialaid/netprice/,8,33,19.701189,1025,1350,8248,3986,14524,12880,4,NA
141574,161000,1610,University of Hawaii at Manoa,Honolulu,HI,96822-2217,Western Association of Schools and Colleges Senior Colleges and University Commission,https://manoa.hawaii.edu/,https://manoa.hawaii.edu/fas/basics/npcalc.htm,8,11,21.298598,1157,1350,14936,3859,17357,4975,4,NA
141644,727900,7279,Hawaii Pacific University,Honolulu,HI,96813,Western Association of Schools and Colleges Senior Colleges and University Commission,https://www.hpu.edu/,https://www.hpu.edu/financial-aid/netprice-calc.html,8,11,21.310306,1180,1050,16042,2400,12570,2400,5,NA
143358,164100,1641,Bradley University,Peoria,IL,61625-0001,Higher Learning Commission,www.bradley.edu/,https://admissions.bradley.edu/ssl/estimator,3,12,40.696896,1237,1200,12850,2240,12850,2240,5,"Monetary Award Program,  Federal Supplemental Educational Opportunity Grant."
144050,177400,1774,University of Chicago,Chicago,IL,60637,Higher Learning Commission,www.uchicago.edu/,https://collegeadmissions.uchicago.edu/costs/calculate,3,11,41.787994,1554,1800,19221,2400,NA,NA,5,"Monetary Award Program,  Federal Supplemental Educational Opportunity Grant."
144005,169400,1694,Chicago State University,Chicago,IL,60628-1598,Higher Learning Commission,www.csu.edu/,www.csu.edu/financialaid/netpricecalculator.htm,3,11,41.718446,NA,2400,11550,5000,11550,5000,4,"Monetary Award Program,  Federal Supplemental Educational Opportunity Grant."
144740,167100,1671,DePaul University,Chicago,IL,60604,Higher Learning Commission,https://www.depaul.edu/,https://www.collegenpc.com/DePaulUniversity,3,11,41.877618,1254,1104,18468,2766,18468,2766,5,"Monetary Award Program,  Federal Supplemental Educational Opportunity Grant."
144892,167400,1674,Eastern Illinois University,Charleston,IL,61920,Higher Learning Commission,https://www.eiu.edu/,www.eiu.edu/finaid/calculator.php,3,33,39.479843,1010,150,11298,2768,10602,2768,4,"Monetary Award Program,  Federal Supplemental Educational Opportunity Grant."
145637,177500,1775,University of Illinois Urbana-Champaign,Champaign,IL,61820-5711,Higher Learning Commission,www.illinois.edu/,secure.osfa.illinois.edu/NPC/NPC.asp,3,13,40.104718,1418,1200,13938,2500,NA,NA,4,"Monetary Award Program,  Federal Supplemental Educational Opportunity Grant."
145813,169200,1692,Illinois State University,Normal,IL,61790-1000,Higher Learning Commission,illinoisstate.edu/,financialaid.illinoisstate.edu/paying,3,22,40.509403,1127,830,11584,5874,12048,7338,4,"Monetary Award Program,  Federal Supplemental Educational Opportunity Grant."
146719,171000,1710,Loyola University Chicago,Chicago,IL,60660,Higher Learning Commission,https://www.luc.edu/,https://www.luc.edu/undergrad/tuitionandfinancialaid/netpricecalculator/,3,11,42.000765,1283,1200,16894,1600,15556,1600,5,"Monetary Award Program,  Federal Supplemental Educational Opportunity Grant."
147767,173900,1739,Northwestern University,Evanston,IL,60208,Higher Learning Commission,www.northwestern.edu/,https://npc.collegeboard.org/student/app/northwestern,3,13,42.050356,1526,1686,20334,3273,20334,3273,5,"Monetary Award Program,  Federal Supplemental Educational Opportunity Grant."
149781,178100,1781,Wheaton College,Wheaton,IL,60187-5593,Higher Learning Commission,www.wheaton.edu/,www.wheaton.edu/admissions-and-aid/cost-and-financial-aid/student-financial-services/cost/net-price-calculator/,3,21,41.870176,1363,910,12390,2440,14362,3070,5,"Monetary Award Program,  Federal Supplemental Educational Opportunity Grant."
150136,178600,1786,Ball State University,Muncie,IN,47306,Higher Learning Commission,https://www.bsu.edu/,https://bsu.studentaidcalculator.com/survey.aspx,3,13,40.203431,1172,1360,12064,2552,12064,2552,4,The Frank O'Bannon Grant
151111,181300,1813,Indiana University-Indianapolis,Indianapolis,IN,46202-5143,Higher Learning Commission,https://indianapolis.iu.edu/,https://indianapolis.iu.edu/admissions/cost-and-aid/cost/net-price-calculator/index.html,3,11,39.772948,1146,690,13010,2536,13010,4550,4,The Frank O'Bannon Grant
151263,180400,1804,University of Indianapolis,Indianapolis,IN,46227-3697,Higher Learning Commission,https://uindy.edu/,https://uindy.clearcostcalculator.com/student/default/netpricecalculator/survey,3,11,39.709571,NA,1068,15878,2620,11390,4454,5,The Frank O'Bannon Grant
151324,180700,1807,Indiana State University,Terre Haute,IN,47809,Higher Learning Commission,https://www.indstate.edu/,https://www.indstate.edu/costs-aid/net-price-calculator,3,13,39.469073,NA,1200,11483,2380,11483,2824,4,The Frank O'Bannon Grant
151351,180900,1809,Indiana University-Bloomington,Bloomington,IN,47405-7000,Higher Learning Commission,www.indiana.edu/,https://npc.collegeboard.org/student/app/indiana,3,13,39.16609,1308,690,13380,3040,13380,3040,4,The Frank O'Bannon Grant
152080,184000,1840,University of Notre Dame,Notre Dame,IN,46556,Higher Learning Commission,www.nd.edu/,financialaid.nd.edu/,3,21,41.703058,1510,1250,17378,1950,17378,1950,5,The Frank O'Bannon Grant
153384,186800,1868,Grinnell College,Grinnell,IA,50112-1690,Higher Learning Commission,www.grinnell.edu/,https://npc.collegeboard.org/student/app/grinnell,4,33,41.747952,1486,800,15878,1950,NA,NA,5,Iowa Tuition Grant
153603,186900,1869,Iowa State University,Ames,IA,50011-2103,Higher Learning Commission,https://www.iastate.edu/,https://www.financialaid.iastate.edu/getting-started/cost/net-price-calculator/,4,13,42.026212,1199,1091,9726,2890,9726,2890,4,Iowa Tuition Grant
153658,189200,1892,University of Iowa,Iowa City,IA,52242-1316,Higher Learning Commission,https://uiowa.edu/,https://admissions.uiowa.edu/finances/net-price-calculator,4,13,41.661935,1220,950,12616,4066,12616,4066,4,Iowa Tuition Grant
155317,194800,1948,University of Kansas,Lawrence,KS,66045,Higher Learning Commission,https://ku.edu/,https://admissions.ku.edu/afford/,4,13,38.958549,1186,1224,10818,3390,10936,3390,4,Kansas Comprehensive Grant
155681,192600,1926,Pittsburg State University,Pittsburg,KS,66762,Higher Learning Commission,https://www.pittstate.edu/,https://www.pittstate.edu/financial-aid/npc/index.html,4,32,37.392071,1090,1200,9398,5396,9984,5396,4,Kansas Comprehensive Grant
155812,194300,1943,University of Saint Mary,Leavenworth,KS,66048-5082,Higher Learning Commission,www.stmary.edu/,www.stmary.edu/Admissions/Net-Price-Calculator.aspx,4,31,39.279396,1047,2550,10032,3200,11384,3200,5,Kansas Comprehensive Grant
156082,194900,1949,Washburn University,Topeka,KS,66621,Higher Learning Commission,www.washburn.edu/,https://www3-prod.washburn.edu/net_price_calc/index.php,4,12,39.033778,NA,970,10759,2480,10931,3149,4,Kansas Comprehensive Grant
156125,195000,1950,Wichita State University,Wichita,KS,67260-0124,Higher Learning Commission,www.wichita.edu/,webapps.wichita.edu/netprice/,4,11,37.718882,1118,1250,13790,3450,12750,3450,4,Kansas Comprehensive Grant
156620,196300,1963,Eastern Kentucky University,Richmond,KY,40475-3102,Southern Association of Colleges and Schools Commission on Colleges,www.eku.edu/,https://application.eku.edu/register/?id=0b702633-7e33-a464-d593-ceb4e75a8097,5,32,37.740845,1089,0,11735,2800,11735,4300,4,College Access Program (CAP) Grant
157058,196800,1968,Kentucky State University,Frankfort,KY,40601-2355,Southern Association of Colleges and Schools Commission on Colleges,www.kysu.edu/,https://kysu.studentaidcalculator.com/survey.aspx,5,32,38.201427,910,1332,8186,2995,7034,5112,4,College Access Program (CAP) Grant
157085,198900,1989,University of Kentucky,Lexington,KY,40506-0032,Southern Association of Colleges and Schools Commission on Colleges,www.uky.edu/,https://uky.studentaidcalculator.com/survey.aspx,5,11,38.038911,1213,1200,15242,5444,15242,5444,4,College Access Program (CAP) Grant
157289,199900,1999,University of Louisville,Louisville,KY,40292-0001,Southern Association of Colleges and Schools Commission on Colleges,www.louisville.edu/,https://louisville.edu/financialaid/net-price-calculator-1,5,11,38.216862,1147,1274,11690,7914,11124,8828,4,College Access Program (CAP) Grant
157951,200200,2002,Western Kentucky University,Bowling Green,KY,42101-1000,Southern Association of Colleges and Schools Commission on Colleges,https://www.wku.edu/,https://tcc.ruffalonl.com/Western Kentucky University/Freshman-Students,5,13,36.985035,977,1000,12043,2409,12043,6062,4,College Access Program (CAP) Grant
159656,201600,2016,Loyola University New Orleans,New Orleans,LA,70118-6143,Southern Association of Colleges and Schools Commission on Colleges,www.loyno.edu/,www.loyno.edu/admissions/tuition-financial-aid/net-price-calculator,5,11,29.936141,NA,1300,15000,3500,15000,3500,5,Louisiana Go Grant
159939,201500,2015,University of New Orleans,New Orleans,LA,70148,Southern Association of Colleges and Schools Commission on Colleges,new.uno.edu/,www.uno.edu/financial-aid/cost-of-education/net-price-calculator,5,11,30.027704,1056,1300,12174,5924,11515,5924,4,Louisiana Go Grant
160977,203600,2036,Bates College,Lewiston,ME,4240,New England Commission on Higher Education,www.bates.edu/,https://npc.collegeboard.org/app/bates,1,13,44.105299,1446,900,17904,1250,NA,NA,5,Maine State Grant Program
161086,203900,2039,Colby College,Waterville,ME,04901-8840,New England Commission on Higher Education,www.colby.edu/,https://npc.collegeboard.org/app/colby,1,33,44.564211,1500,850,17120,850,6100,850,5,Maine State Grant Program
161217,676000,6760,University of Maine at Augusta,Augusta,ME,04330-9410,New England Commission on Higher Education,www.uma.edu/,www.uma.edu/financial/costs/net-cost-calculator/,1,32,44.337746,NA,1200,8700,3600,8700,3600,4,Maine State Grant Program
161226,204000,2040,University of Maine at Farmington,Farmington,ME,04938-9978,New England Commission on Higher Education,https://www.umf.maine.edu/,https://www.umf.maine.edu/admissions-aid/umf-net-price-calculator/,1,43,44.666911,1040,960,10970,3444,10970,3444,4,Maine State Grant Program
161235,204100,2041,University of Maine at Fort Kent,Fort Kent,ME,04743-1292,New England Commission on Higher Education,www.umfk.maine.edu/,https://www.umfk.edu/admissions/financialaid/basics/,1,43,47.250389,NA,1000,8740,2792,6100,2792,4,Maine State Grant Program
161864,206100,2061,Baltimore City Community College,Baltimore,MD,21215-7893,Middle States Commission on Higher Education,www.bccc.edu/,https://www.bccc.edu/cms/lib/MD02000050/Centricity/domain/1112/net price calculator/Net Price Calculator.html,2,11,39.319978,NA,1460,NA,NA,13990,12407,7,Howard P. Rawlings Educational Assistance Grant
161873,210200,2102,University of Baltimore,Baltimore,MD,21201-5720,Middle States Commission on Higher Education,www.ubalt.edu/,www.ubalt.edu/admission/financial-aid/aid-basics/policies/net-price.cfm,2,11,39.305834,1060,1600,NA,NA,19350,4150,4,Howard P. Rawlings Educational Assistance Grant
162928,207700,2077,Johns Hopkins University,Baltimore,MD,21218-2688,Middle States Commission on Higher Education,www.jhu.edu/,https://npc.collegeboard.org/student/app/jhu,2,11,39.328977,1553,1345,19910,1470,14498,1470,5,Howard P. Rawlings Educational Assistance Grant
163453,208300,2083,Morgan State University,Baltimore,MD,21251-0001,Middle States Commission on Higher Education,https://www.morgan.edu/,https://www.morgan.edu/netpricecalc/,2,11,39.344161,984,2000,12755,3565,14655,3565,4,Howard P. Rawlings Educational Assistance Grant
164076,209900,2099,Towson University,Towson,MD,21252-0001,Middle States Commission on Higher Education,www.towson.edu/,https://www.towson.edu/admissions/tuition/calculator.html,2,13,39.393622,1166,960,15644,3480,15644,3480,4,Howard P. Rawlings Educational Assistance Grant
164465,211500,2115,Amherst College,Amherst,MA,01002-5000,New England Commission on Higher Education,www.amherst.edu/,https://npc.collegeboard.org/student/app/amherst,1,13,42.372459,1494,1000,17560,1800,17560,1800,5,MASSGrant and MASSGrant Plus
164580,212100,2121,Babson College,Wellesley,MA,02457-0310,New England Commission on Higher Education,www.babson.edu/,npc.collegeboard.org/app/babson,1,21,42.297017,1435,1292,20786,2082,20786,2082,5,MASSGrant and MASSGrant Plus
164748,212600,2126,Berklee College of Music,Boston,MA,2215,New England Commission on Higher Education,www.berklee.edu/,www.berklee.edu/paying-for-your-education/net-price-calculator,1,11,42.346646,NA,1085,19440,2623,19440,2475,5,MASSGrant and MASSGrant Plus
165015,213300,2133,Brandeis University,Waltham,MA,02454-9110,New England Commission on Higher Education,https://www.brandeis.edu/,https://www.brandeis.edu/student-financial-services/affordability.html,1,13,42.365727,1473,1000,19096,1200,12648,1200,5,MASSGrant and MASSGrant Plus
164988,213000,2130,Boston University,Boston,MA,2215,New England Commission on Higher Education,www.bu.edu/,www.bu.edu/finaid/aid-basics/cost-of-education/net-price-calculator/,1,11,42.351118,1473,1000,18110,2085,18110,2085,5,MASSGrant and MASSGrant Plus
165334,213900,2139,Clark University,Worcester,MA,01610-1477,New England Commission on Higher Education,www.clarku.edu/,www.clarku.edu/offices/financial-aid/prospective-students/u-s-students/,1,12,42.249987,1339,900,11690,950,11690,1050,5,MASSGrant and MASSGrant Plus
165662,214600,2146,Emerson College,Boston,MA,02116-4624,New England Commission on Higher Education,www.emerson.edu/,https://npc.collegeboard.org/student/app/emerson,1,11,42.352202,1359,1200,20310,3710,16650,3904,5,MASSGrant and MASSGrant Plus
166124,214100,2141,College of the Holy Cross,Worcester,MA,01610-2395,New England Commission on Higher Education,www.holycross.edu/,www.holycross.edu/financial-aid/financial-aid-calculator,1,12,42.23752,1354,1000,17750,900,17750,900,5,MASSGrant and MASSGrant Plus
166391,215800,2158,Lasell University,Newton,MA,2466,New England Commission on Higher Education,www.lasell.edu/,https://lasell.studentaidcalculator.com/survey.aspx,1,13,42.342148,1159,1000,13500,2500,6500,2500,5,MASSGrant and MASSGrant Plus
166513,216100,2161,University of Massachusetts-Lowell,Lowell,MA,1854,New England Commission on Higher Education,www.uml.edu/,https://uml.studentaidcalculator.com/welcome.aspx,1,21,42.652864,1253,1200,15424,1370,6400,2370,4,MASSGrant and MASSGrant Plus
166683,217800,2178,Massachusetts Institute of Technology,Cambridge,MA,02139-4307,New England Commission on Higher Education,web.mit.edu/,https://npc.collegeboard.org/app/mit,1,12,42.359243,1553,880,19390,2304,NA,NA,5,MASSGrant and MASSGrant Plus
166638,222200,2222,University of Massachusetts-Boston,Boston,MA,02125-3393,New England Commission on Higher Education,www.umb.edu/,https://umb.studentaidcalculator.com/survey.aspx,1,11,42.312881,1188,1000,17512,3066,14292,3066,4,MASSGrant and MASSGrant Plus
167835,220900,2209,Smith College,Northampton,MA,1063,New England Commission on Higher Education,www.smith.edu/,https://npc.collegeboard.org/student/app/smith,1,13,42.318111,1480,800,21310,2352,10418,2352,5,MASSGrant and MASSGrant Plus
168148,221900,2219,Tufts University,Medford,MA,02155-5555,New England Commission on Higher Education,https://www.tufts.edu/,https://npc.collegeboard.org/app/tufts,1,21,42.40855,1513,1000,17660,1796,17660,1796,5,MASSGrant and MASSGrant Plus
168218,222400,2224,Wellesley College,Wellesley,MA,02481-8203,New England Commission on Higher Education,www.wellesley.edu/,https://npc.collegeboard.org/student/app/wellesley,1,21,42.291554,1513,800,19920,1250,19920,2250,5,MASSGrant and MASSGrant Plus
168430,219000,2190,Worcester State University,Worcester,MA,01602-2597,New England Commission on Higher Education,https://www.worcester.edu/,https://www.worcester.edu/NetPriceCalculator/npcalc.htm,1,12,42.267526,1145,1368,12999,1892,9368,2190,4,MASSGrant and MASSGrant Plus
169798,225900,2259,Eastern Michigan University,Ypsilanti,MI,48197,Higher Learning Commission,www.emich.edu/,www.emich.edu/finaid/calculator/,3,21,42.251675,1046,1000,12440,2904,11920,3728,4,Michigan Tuition Grant
170976,232500,2325,University of Michigan-Ann Arbor,Ann Arbor,MI,48109,Higher Learning Commission,https://umich.edu/,https://npc.collegeboard.org/app/umich,3,12,42.278374,1473,1126,13856,2572,13856,2572,4,Michigan Tuition Grant
171100,229000,2290,Michigan State University,East Lansing,MI,48824-1046,Higher Learning Commission,https://www.msu.edu/,https://msu.studentaidcalculator.com/survey.aspx,3,13,42.73212,1261,1334,11754,3592,11754,3592,4,Michigan Tuition Grant
172644,232900,2329,Wayne State University,Detroit,MI,48202,Higher Learning Commission,https://wayne.edu/,https://irda.wayne.edu/net-price-calculator/index.html,3,11,42.358994,1147,1316,11762,4410,12104,5854,4,Michigan Tuition Grant
175272,239400,2394,Winona State University,Winona,MN,55987-5838,Higher Learning Commission,www.winona.edu/,https://www.minnstate.edu/admissions/calculator/winona.html,4,32,44.046159,1119,900,9924,2640,9924,2640,4,Minnesota State Grant
175856,241000,2410,Jackson State University,Jackson,MS,39217,Southern Association of Colleges and Schools Commission on Colleges,https://www.jsums.edu/,https://studentaid.gov/aid-estimator/,5,12,32.296105,974,1400,11782,10716,11782,10716,4,Mississippi Tuition Assistance Grant (MTAG) and HELP Grant
176017,244000,2440,University of Mississippi,University,MS,38677-1848,Southern Association of Colleges and Schools Commission on Colleges,www.olemiss.edu/,https://finaid.olemiss.edu/calculator/,5,33,34.365529,1187,1200,12040,6300,12400,6300,4,Mississippi Tuition Assistance Grant (MTAG) and HELP Grant
176080,242300,2423,Mississippi State University,Mississippi State,MS,39762,Southern Association of Colleges and Schools Commission on Colleges,https://www.msstate.edu/,https://npc.collegeboard.org/app/msu/start,5,33,33.454852,1220,1200,12293,6146,12516,6146,4,Mississippi Tuition Assistance Grant (MTAG) and HELP Grant
179894,252100,2521,Webster University,Saint Louis,MO,63119-3194,Higher Learning Commission,www.webster.edu/,https://www.webster.edu/admissions/net-price-calculator.php,4,21,38.588875,1145,1000,12820,8558,13200,11774,5,Access
176965,245400,2454,University of Central Missouri,Warrensburg,MO,64093,Higher Learning Commission,https://www.ucmo.edu/,https://www.ucmo.edu/future-students/tuition-and-costs/cost-calculators/,4,32,38.759111,1090,1250,10206,2608,10206,2608,4,Access
177986,470300,4703,Logan University,Chesterfield,MO,63017,Higher Learning Commission,https://www.logan.edu/,https://www.logan.edu/admissions/tuition,4,21,38.63133,998,1500,NA,NA,11848,10504,5,Access
178244,754000,7540,Missouri Baptist University,Saint Louis,MO,63141-8698,Higher Learning Commission,www.mobap.edu/,https://www.shoppingsheet.com/Shopping/Landing/mobap,4,21,38.641526,983,1298,14340,3260,9466,4843,5,Access
178615,249500,2495,Truman State University,Kirksville,MO,63501-4221,Higher Learning Commission,https://www.truman.edu/,https://www.truman.edu/admission-cost/net-price-calculator/step-1/,4,33,40.188267,1249,1100,10701,4180,10701,4180,4,Access
179867,252000,2520,Washington University in St Louis,Saint Louis,MO,63130-4899,Higher Learning Commission,https://wustl.edu/,https://npc.collegeboard.org/app/washustl,4,21,38.647929,1530,1264,20778,3464,20778,3464,5,Access
181002,254200,2542,Creighton University,Omaha,NE,68178,Higher Learning Commission,https://www.creighton.edu/,www.creighton.edu/admission-aid/tuition-financial-aid/cost/net-price-calculator,4,11,41.265361,1296,1200,12790,2800,11830,2800,5,Nebraska Opportunity Grant
181394,255400,2554,University of Nebraska at Omaha,Omaha,NE,68182-0225,Higher Learning Commission,https://www.unomaha.edu/,https://webapp.unomaha.edu/net-price-calculator/,4,11,41.258769,1120,1120,11610,3874,11998,3874,4,Nebraska Opportunity Grant
182281,256900,2569,University of Nevada-Las Vegas,Las Vegas,NV,89154,Northwest Commission on Colleges and Universities,www.unlv.edu/,cashiering.unlv.edu/undergrad_calc.html,8,12,36.106047,1091,1240,12072,4050,12710,5448,4,Nevada Silver State Opportunity Grant
182290,256800,2568,University of Nevada-Reno,Reno,NV,89557,Northwest Commission on Colleges and Universities,www.unr.edu/,https://www.unr.edu/Prebuilt/financial-aid/net-price-calculator/index.html,8,11,39.543642,NA,1200,13700,5370,13700,5370,4,Nevada Silver State Opportunity Grant
183044,258900,2589,University of New Hampshire-Main Campus,Durham,NH,03824-3547,New England Commission on Higher Education,www.unh.edu/,npc.collegeboard.org/student/app/unh,1,31,43.135934,1229,1000,13314,2650,13314,2650,4,New Hampshire State Grant Program
185536,261500,2615,Middlesex College,Edison,NJ,8837,Middle States Commission on Higher Education,www.middlesexcollege.edu/,www.middlesexcollege.edu/funding-your-education/net-price-calculator/,2,21,40.504728,NA,1460,NA,NA,18524,2430,7,Tuition Aid Grant
186283,262800,2628,Rider University,Lawrenceville,NJ,08648-3099,Middle States Commission on Higher Education,www.rider.edu/,https://www.rider.edu/tuition-aid/financial-aid/net-price-calculator,2,21,40.278796,1219,1500,16730,2000,6500,2500,5,Tuition Aid Grant
186584,263200,2632,Seton Hall University,South Orange,NJ,07079-2697,Middle States Commission on Higher Education,https://www.shu.edu/,https://www.shu.edu/undergraduate-admissions/cost-calculator.html,2,21,40.742336,1308,1000,17350,3000,17350,4200,5,Tuition Aid Grant
186867,263900,2639,Stevens Institute of Technology,Hoboken,NJ,07030-5991,Middle States Commission on Higher Education,www.stevens.edu/,https://npc.collegeboard.org/app/stevens,2,21,40.744776,1447,1200,18650,1050,18650,1050,5,Tuition Aid Grant
186876,934500,9345,Stockton University,Galloway,NJ,08205-9441,Middle States Commission on Higher Education,https://www.stockton.edu/,https://stockton.clearcostcalculator.com/student/default/netpricecalculator/survey,2,41,39.492036,1171,1250,15332,6920,9011,8062,4,Tuition Aid Grant
187985,266300,2663,University of New Mexico-Main Campus,Albuquerque,NM,87131,Higher Learning Commission,www.unm.edu/,https://npc.collegeboard.org/student/app/unm,6,11,35.083868,1047,1328,11884,4708,11884,4708,4,New Mexico Student Incentive Grant
188182,265000,2650,University of the Southwest,Hobbs,NM,88240,Higher Learning Commission,https://www.usw.edu/,https://www.usw.edu/admissions/sfaid/cost-of-attendance/net-price-calculator,6,33,32.775496,NA,NA,8000,3000,15000,3000,5,New Mexico Student Incentive Grant
189097,270800,2708,Barnard College,New York,NY,10027-6598,Middle States Commission on Higher Education,www.barnard.edu/,https://barnard.edu/finaid/estimate-your-eligibility,2,11,40.810098,1500,1150,20582,1830,20582,1830,5,Tuition Assistance Program (TAP)
190099,270100,2701,Colgate University,Hamilton,NY,13346-1398,Middle States Commission on Higher Education,https://www.colgate.edu/,https://npc.collegeboard.org/app/colgate,2,42,42.819475,1480,1524,16790,1732,NA,NA,5,Tuition Assistance Program (TAP)
191241,272200,2722,Fordham University,Bronx,NY,10458,Middle States Commission on Higher Education,https://www.fordham.edu/,https://www.fordham.edu/undergraduate-financial-aid/financing-your-fordham-education/net-price-calculator/,2,11,40.859354,1412,1088,23075,3420,14870,3388,5,Tuition Assistance Program (TAP)
191649,273200,2732,Hofstra University,Hempstead,NY,11549,Middle States Commission on Higher Education,www.hofstra.edu/,https://www.hofstra.edu/admission/adm_netprice.html,2,21,40.715959,1294,1000,17720,2050,25303,2772,5,Tuition Assistance Program (TAP)
192448,275100,2751,Long Island University,Brookville,NY,11548-1327,Middle States Commission on Higher Education,www.liu.edu/,webapps2.liu.edu/netpricecalc/Calculator.aspx?campus=P,2,21,40.820714,1259,2000,17354,2500,25000,2500,5,Tuition Assistance Program (TAP)
193584,277900,2779,Nazareth University,Rochester,NY,14618-3790,Middle States Commission on Higher Education,https://www2.naz.edu/,https://www2.naz.edu/tuition-aid/net-price-calculator,2,21,43.101576,1256,1000,15620,2000,15620,2000,5,Tuition Assistance Program (TAP)
193654,2066200,20662,The New School,New York,NY,10011,Middle States Commission on Higher Education,https://www.newschool.edu/,https://app.enrollmentfacts.com/netpricecalculator/NPC/Index/31,2,11,40.735508,NA,1300,29874,2840,29874,2840,5,Tuition Assistance Program (TAP)
193900,278500,2785,New York University,New York,NY,10012-1091,Middle States Commission on Higher Education,https://www.nyu.edu/,https://www.nyu.edu/admissions/financial-aid-and-scholarships/applying-and-planning-for-undergraduate-aid/net-price-calculator.html,2,11,40.729452,1527,1494,22786,3034,22786,3034,5,Tuition Assistance Program (TAP)
194310,279100,2791,Pace University,New York,NY,10038-1598,Middle States Commission on Higher Education,www.pace.edu/,www.pace.edu/admission-aid/undergraduate-admission/freshman/net-price-calculator,2,11,40.711014,1232,800,21790,2052,25876,2802,5,Tuition Assistance Program (TAP)
195030,289400,2894,University of Rochester,Rochester,NY,14627-0011,Middle States Commission on Higher Education,https://www.rochester.edu/,https://www.rochester.edu/financial-aid/cost-calculators/#college-board,2,12,43.126397,1480,1310,18924,1380,NA,NA,5,Tuition Assistance Program (TAP)
195526,281400,2814,Skidmore College,Saratoga Springs,NY,12866,Middle States Commission on Higher Education,www.skidmore.edu/,https://skidmore.studentaidcalculator.com/survey.aspx,2,23,43.097035,1388,1300,17340,1600,NA,NA,5,Tuition Assistance Program (TAP)
196060,283500,2835,University at Albany,Albany,NY,12222,Middle States Commission on Higher Education,www.albany.edu/,www.albany.edu/financialaid/npc.shtml,2,12,42.685489,NA,1000,16182,2200,18444,2700,4,Tuition Assistance Program (TAP)
196079,283600,2836,Binghamton University,Vestal,NY,13850-6000,Middle States Commission on Higher Education,www.binghamton.edu/,www.suny.edu/howmuch/netpricecalculator.xhtml?id=2&embed=n&headerUrl=www.binghamton.edu/npc/logo.png&cssUrl=www.binghamton.edu/np,2,22,42.087868,1415,1000,18294,1000,18294,1000,4,Tuition Assistance Program (TAP)
196097,283800,2838,Stony Brook University,Stony Brook,NY,11794-0701,Middle States Commission on Higher Education,https://www.stonybrook.edu/,https://www.stonybrook.edu/commcms/finaid/finaidbasics/net_price_calc.html,2,21,40.91476,1410,900,17662,3248,15976,7152,4,Tuition Assistance Program (TAP)
196413,288200,2882,Syracuse University,Syracuse,NY,13244,Middle States Commission on Higher Education,https://www.syracuse.edu/,https://www.syracuse.edu/admissions/cost-and-aid/cost-of-attendance/undergraduate/net-price-calculator/,2,12,43.036644,1351,1690,18444,1952,18444,1952,5,Tuition Assistance Program (TAP)
197133,289500,2895,Vassar College,Poughkeepsie,NY,12604,Middle States Commission on Higher Education,www.vassar.edu/,https://npc.collegeboard.org/student/app/vassar,2,21,41.686895,1513,900,17415,1350,17915,1350,5,Tuition Assistance Program (TAP)
198419,292000,2920,Duke University,Durham,NC,27708,Southern Association of Colleges and Schools Commission on Colleges,www.duke.edu/,https://npc.collegeboard.org/student/app/duke,5,11,36.001135,1539,1602,17458,2207,NA,NA,5,North Carolina Need-Based Scholarship
198516,292700,2927,Elon University,Elon,NC,27244-2010,Southern Association of Colleges and Schools Commission on Colleges,www.elon.edu/,www.elon.edu/e-web/admissions/FinancialAid/,5,22,36.104148,1222,900,14478,2600,14478,2600,5,North Carolina Need-Based Scholarship
198695,293300,2933,High Point University,High Point,NC,27268,Southern Association of Colleges and Schools Commission on Colleges,www.highpoint.edu/,https://www.highpoint.edu/admissions/net-price-calculator/,5,12,35.972035,1242,1500,18462,2250,12000,2500,5,North Carolina Need-Based Scholarship
198969,294600,2946,Methodist University,Fayetteville,NC,28311-1420,Southern Association of Colleges and Schools Commission on Colleges,www.methodist.edu/,https://methodist.studentaidcalculator.com/survey.aspx,5,12,35.135058,1201,1400,13586,2650,11500,3150,5,North Carolina Need-Based Scholarship
199120,297400,2974,University of North Carolina at Chapel Hill,Chapel Hill,NC,27599,Southern Association of Colleges and Schools Commission on Colleges,https://www.unc.edu/,https://npc.collegeboard.org/student/app/unc,5,13,35.911769,1454,1290,13016,2814,13016,2814,4,North Carolina Need-Based Scholarship
199582,296800,2968,Saint Augustine's University,Raleigh,NC,27610-2298,Southern Association of Colleges and Schools Commission on Colleges,www.st-aug.edu/,https://saintaugustinesuniversity.formstack.com/forms/net_price_calculator,5,11,35.785468,NA,1000,10376,5505,8942,5280,5,North Carolina Need-Based Scholarship
199847,297800,2978,Wake Forest University,Winston-Salem,NC,27106,Southern Association of Colleges and Schools Commission on Colleges,www.wfu.edu/,https://npc.collegeboard.org/student/app/wfu,5,11,36.133609,1469,1630,17848,3320,17848,3320,5,North Carolina Need-Based Scholarship
200004,298100,2981,Western Carolina University,Cullowhee,NC,28723-9646,Southern Association of Colleges and Schools Commission on Colleges,www.wcu.edu/,www.wcu.edu/apply/financial-aid/facts-and-resources/npcalc.htm,5,32,35.308979,1151,693,11764,3330,12322,3330,4,North Carolina Need-Based Scholarship
200059,298900,2989,Dickinson State University,Dickinson,ND,58601-4896,Higher Learning Commission,www.dickinsonstate.edu/,www.dickinsonstate.edu/Assets/uploads/files/financial-aid/netpricecalculator/npcalc.htm,4,33,46.882917,NA,1200,7740,3500,7740,3500,4,North Dakota State Grant Program
200156,299000,2990,University of Jamestown,Jamestown,ND,58405,Higher Learning Commission,www.uj.edu/,https://uj.studentaidcalculator.com/survey.aspx,4,33,46.914302,NA,1300,8920,3200,8920,3200,5,North Dakota State Grant Program
200280,300500,3005,University of North Dakota,Grand Forks,ND,58202-8193,Higher Learning Commission,https://und.edu/,https://und.edu/admissions/cost-and-aid/calculator.html,4,13,47.921654,NA,800,11046,3446,11046,3446,4,North Dakota State Grant Program
200332,299700,2997,North Dakota State University-Main Campus,Fargo,ND,58108-6050,Higher Learning Commission,https://www.ndsu.edu/,www.ndsu.edu/onestop/net-price-calculator/,4,12,46.893127,1120,800,9565,3476,9565,3476,4,North Dakota State Grant Program
201645,302400,3024,Case Western Reserve University,Cleveland,OH,44106,Higher Learning Commission,www.case.edu/,case.edu/financialaid/resources/net-price-calculator/,3,11,41.507419,1501,1200,18202,2000,10750,2000,5,Ohio College Opportunity Grant
201690,302600,3026,Central State University,Wilberforce,OH,45384-1004,Higher Learning Commission,https://www.centralstate.edu/,https://centralstate.clearcostcalculator.com/student/default/netpricecalculator/surveycentralstate.studentaidcalculator.com/survey.aspx,3,41,39.715787,NA,1200,11390,1600,11390,2400,4,Ohio College Opportunity Grant
201885,312500,3125,University of Cincinnati-Main Campus,Cincinnati,OH,45221-0063,Higher Learning Commission,www.uc.edu/,https://uc.studentaidcalculator.com/survey.aspx,3,11,39.131159,1281,1300,13048,5424,17232,6930,4,Ohio College Opportunity Grant
202480,312700,3127,University of Dayton,Dayton,OH,45469,Higher Learning Commission,https://udayton.edu/,https://udayton.edu/netprice/,3,12,39.739547,1313,1000,15640,3025,15640,3025,5,Ohio College Opportunity Grant
204501,308600,3086,Oberlin College,Oberlin,OH,44074,Higher Learning Commission,www.oberlin.edu/,www.oberlin.edu/admissions-and-aid/financial-aid/applying-aid-prospective-students/myintuition-cost-estimator,3,31,41.291992,1440,1908,18942,1908,12270,1908,5,Ohio College Opportunity Grant
204796,309000,3090,Ohio State University-Main Campus,Columbus,OH,43201,Higher Learning Commission,www.osu.edu/,sfa.osu.edu/incoming-freshmen/about-aid/net-price-calculator,3,11,39.999803,1407,1030,14272,3070,13814,3294,4,Ohio College Opportunity Grant
204857,310000,3100,Ohio University-Main Campus,Athens,OH,45701-2979,Higher Learning Commission,https://www.ohio.edu/,https://npc.collegeboard.org/app/ohio,3,32,39.326798,1212,840,13594,2916,12354,2916,4,Ohio College Opportunity Grant
206437,313500,3135,Walsh University,North Canton,OH,44720-3396,Higher Learning Commission,https://www.walsh.edu/,https://www.walsh.edu/cost-calculator,3,21,40.873908,1210,790,11810,2727,9600,2957,5,Ohio College Opportunity Grant
206589,303700,3037,The College of Wooster,Wooster,OH,44691,Higher Learning Commission,https://wooster.edu/,https://wooster.edu/wp-content/themes/wooster/library/net-price/calculator.html,3,32,40.81046,1370,1250,14000,1000,10995,1000,5,Ohio College Opportunity Grant
206622,314400,3144,Xavier University,Cincinnati,OH,45207-1092,Higher Learning Commission,https://www.xavier.edu/,https://www.xavier.edu/net-price-calculator/,3,11,39.149547,1224,1300,13820,3200,13820,3200,5,Ohio College Opportunity Grant
206941,315200,3152,University of Central Oklahoma,Edmond,OK,73034,Higher Learning Commission,https://www.uco.edu/,https://www.uco.edu/admissions-aid/financial-aid/,6,21,35.6552,1050,1600,8886,8160,12564,9900,4,Oklahoma Tuition Aid Grant (OTAG)
207388,317000,3170,Oklahoma State University-Main Campus,Stillwater,OK,74078-1015,Higher Learning Commission,www.okstate.edu/,https://orange.okstate.edu/register/net-price-calculator,6,32,36.123085,1145,1300,11300,5400,12200,5400,4,Oklahoma Tuition Aid Grant (OTAG)
207971,318500,3185,University of Tulsa,Tulsa,OK,74104-3189,Higher Learning Commission,https://utulsa.edu/,https://utulsa.edu/net-price-calculator/,6,11,36.152324,1325,0,11192,6894,11192,6894,5,Oklahoma Tuition Aid Grant (OTAG)
211088,323500,3235,Arcadia University,Glenside,PA,19038-3295,Middle States Commission on Higher Education,https://www.arcadia.edu/,https://www.arcadia.edu/admissions/financial-aid-scholarships/net-price-calculator,2,21,40.092606,1210,1500,16250,1100,25140,1100,5,Pennsylvania State Grant Program
211273,323700,3237,Bryn Mawr College,Bryn Mawr,PA,19010,Middle States Commission on Higher Education,www.brynmawr.edu/,npc.collegeboard.org/student/app/brynmawr,2,21,40.02736,1404,1000,18690,1000,NA,NA,5,Pennsylvania State Grant Program
211291,323800,3238,Bucknell University,Lewisburg,PA,17837,Middle States Commission on Higher Education,www.bucknell.edu/,npc.collegeboard.org/student/app/bucknell,2,32,40.954317,1389,900,16118,2000,16118,2000,5,Pennsylvania State Grant Program
211440,324200,3242,Carnegie Mellon University,Pittsburgh,PA,15213-3890,Middle States Commission on Higher Education,www.cmu.edu/,admission.enrollment.cmu.edu/pages/financial-aid-estimator,2,11,40.44357,1545,1000,17468,1400,15658,1400,5,Pennsylvania State Grant Program
212054,325600,3256,Drexel University,Philadelphia,PA,19104,Middle States Commission on Higher Education,https://drexel.edu/,https://drexel.edu/drexelcentral/finaid/prospective-students/net-price-calculator/,2,11,39.955217,1337,1700,17550,1500,17874,1500,5,Pennsylvania State Grant Program
212674,326800,3268,Gettysburg College,Gettysburg,PA,17325,Middle States Commission on Higher Education,https://www.gettysburg.edu/,https://www.gettysburg.edu/admissions-aid/tuition-fees/net-price-calculator,2,31,39.836597,1350,1000,15530,1200,15530,1200,5,Pennsylvania State Grant Program
213543,328900,3289,Lehigh University,Bethlehem,PA,18015,Middle States Commission on Higher Education,www.lehigh.edu/,https://npc.collegeboard.org/student/app/lehigh,2,13,40.606822,1432,1000,16470,1500,16470,1500,5,Pennsylvania State Grant Program
216339,337100,3371,Temple University,Philadelphia,PA,19122-6096,Middle States Commission on Higher Education,www.temple.edu/,https://sfs.temple.edu/sites/sfs/files/NetPrice.html,2,11,39.980546,NA,1240,16968,4466,16968,4466,4,Pennsylvania State Grant Program
216366,1239300,12393,Thomas Jefferson University,Philadelphia,PA,19107,Middle States Commission on Higher Education,www.jefferson.edu/,jefferson.wbnpc.com/,2,11,39.948274,1259,1600,17246,4028,17246,8046,5,Pennsylvania State Grant Program
216597,338800,3388,Villanova University,Villanova,PA,19085-1699,Middle States Commission on Higher Education,www.villanova.edu/,https://npc.collegeboard.org/student/app/villanova,2,21,40.036463,1466,1100,16896,2300,16896,2300,5,Pennsylvania State Grant Program
217484,341400,3414,University of Rhode Island,Kingston,RI,2881,New England Commission on Higher Education,https://web.uri.edu/,https://web.uri.edu/ir/netprice-2/,1,21,41.484691,1176,1250,14900,2436,12286,4582,4,Rhode Island State Grant
217819,342800,3428,College of Charleston,Charleston,SC,29424-0001,Southern Association of Colleges and Schools Commission on Colleges,https://www.cofc.edu/,https://cofc.studentaidcalculator.com/survey.aspx,5,12,32.784225,1238,1454,14032,4632,13779,4632,4,South Carolina Need-Based Grant
217882,342500,3425,Clemson University,Clemson,SC,29634,Southern Association of Colleges and Schools Commission on Colleges,www.clemson.edu/,https://netprice.app.clemson.edu/calc/,5,22,34.679381,1341,1436,12872,5476,12872,5476,4,South Carolina Need-Based Grant
218733,344600,3446,South Carolina State University,Orangeburg,SC,29117-0001,Southern Association of Colleges and Schools Commission on Colleges,https://scsu.edu/,https://scsu.edu/net-price-calculator.html,5,32,33.497968,NA,2000,9000,8000,10000,8000,4,South Carolina Need-Based Grant
219000,345800,3458,Augustana University,Sioux Falls,SD,57197-0001,Higher Learning Commission,www.augie.edu/,www.augie.edu/npc,4,12,43.525148,1187,1000,9470,6480,11460,10180,5,South Dakota Need-Based Grant Program
219082,346300,3463,Dakota State University,Madison,SD,57042-1799,Higher Learning Commission,https://dsu.edu/,https://dsu.edu/admissions/calculator.html,4,32,44.013014,1129,1200,8990,6286,9776,7757,4,South Dakota Need-Based Grant Program
219356,347100,3471,South Dakota State University,Brookings,SD,57007-1898,Higher Learning Commission,https://www.sdstate.edu/,https://www.sdstate.edu/admissions/office-financial-aid/net-price-calculator,4,33,44.317485,1121,1200,9562,4683,10490,5509,4,South Dakota Need-Based Grant Program
219383,346900,3469,University of Sioux Falls,Sioux Falls,SD,57105-1699,Higher Learning Commission,www.usiouxfalls.edu/,https://apps.usiouxfalls.edu/npc?ref=fa,4,12,43.531574,NA,1000,8960,4345,10675,4850,5,South Dakota Need-Based Grant Program
219471,347400,3474,University of South Dakota,Vermillion,SD,57069-2390,Higher Learning Commission,https://www.usd.edu/,https://www.usd.edu/Admissions-and-Aid/Tuition-and-Costs/Net-Cost-Calculator,4,32,42.786019,1122,1200,9060,4947,10501,6431,4,South Dakota Need-Based Grant Program
219709,347900,3479,Belmont University,Nashville,TN,37212-3757,Southern Association of Colleges and Schools Commission on Colleges,https://www.belmont.edu/,https://www.belmont.edu/sfs/cost/net-price-calculator.html,5,11,36.135589,1277,1400,14290,5560,19590,5560,5,Tennessee Student Assistance Award (TSAA)
219718,348000,3480,Bethel University,McKenzie,TN,38201,Southern Association of Colleges and Schools Commission on Colleges,www.bethelu.edu/,www.bethelu.edu/admissions/tuition-and-fees/net-price-calculator,5,32,36.137848,1035,1288,10537,1920,10537,1920,5,Tennessee Student Assistance Award (TSAA)
220862,350900,3509,University of Memphis,Memphis,TN,38152,Southern Association of Colleges and Schools Commission on Colleges,https://www.memphis.edu/,https://www.memphis.edu/financialaid/net_price_calculator,5,11,35.118878,1051,920,10344,6462,12148,6462,4,Tennessee Student Assistance Award (TSAA)
221999,353500,3535,Vanderbilt University,Nashville,TN,37240,Southern Association of Colleges and Schools Commission on Colleges,www.vanderbilt.edu/,https://www.vanderbilt.edu/financialaid/net-price-calculator.php,5,11,36.14659,1550,1194,21054,3396,NA,NA,5,Tennessee Student Assistance Award (TSAA)
223232,354500,3545,Baylor University,Waco,TX,76798,Southern Association of Colleges and Schools Commission on Colleges,www.baylor.edu/,www.baylor.edu/sfs/netpricecalculator/npcalc.htm,6,12,31.546872,1313,1438,14235,3752,14594,4484,5,"Texas Grant (Towards Excellence, Access, and Success)"
224323,365100,3651,University of Dallas,Irving,TX,75062-4736,Southern Association of Colleges and Schools Commission on Colleges,https://udallas.edu/,https://udallas.edu/admissions/calculator/,6,11,32.846221,1284,1500,14360,3120,10272,3061,5,"Texas Grant (Towards Excellence, Access, and Success)"
225511,365200,3652,University of Houston,Houston,TX,77204-2018,Southern Association of Colleges and Schools Commission on Colleges,www.uh.edu/,www.uh.edu/financial/net-price-calculator/,6,11,29.720393,1229,1556,10830,4637,11022,5813,4,"Texas Grant (Towards Excellence, Access, and Success)"
225520,357400,3574,Howard College,Big Spring,TX,79720,Southern Association of Colleges and Schools Commission on Colleges,https://www.howardcollege.edu/,www.collegeforalltexans.com/apps/CollegeMoney/,6,33,32.252292,NA,1690,5838,4627,6858,6588,7,"Texas Grant (Towards Excellence, Access, and Success)"
227216,359400,3594,University of North Texas,Denton,TX,76203-1277,Southern Association of Colleges and Schools Commission on Colleges,www.unt.edu/,www.highered.texas.gov/apps/NPC/?Fice=003594,6,12,33.211178,1109,1120,10805,3898,10680,5518,4,"Texas Grant (Towards Excellence, Access, and Success)"
227757,360400,3604,Rice University,Houston,TX,77005-1827,Southern Association of Colleges and Schools Commission on Colleges,www.rice.edu/,https://financialaid.rice.edu/calculate-my-cost,6,11,29.717897,1553,1400,15900,2850,15900,2850,5,"Texas Grant (Towards Excellence, Access, and Success)"
228246,361300,3613,Southern Methodist University,Dallas,TX,75275-0221,Southern Association of Colleges and Schools Commission on Colleges,https://www.smu.edu/,https://www.smu.edu/EnrollmentServices/FinancialAid/NetPriceCalculator,6,21,32.843612,1424,800,18230,2600,10808,2600,5,"Texas Grant (Towards Excellence, Access, and Success)"
228459,361500,3615,Texas State University,San Marcos,TX,78666,Southern Association of Colleges and Schools Commission on Colleges,https://www.txst.edu/,https://www.admissions.txst.edu/pay-for-college/cost-of-attendance.html,6,13,29.888885,1093,740,12270,4170,12480,3960,4,"Texas Grant (Towards Excellence, Access, and Success)"
228723,363200,3632,Texas A & M University-College Station,College Station,TX,77843-1246,Southern Association of Colleges and Schools Commission on Colleges,https://www.tamu.edu/,https://tuition.tamu.edu/,6,12,30.618726,1272,900,13154,6354,11780,6354,4,"Texas Grant (Towards Excellence, Access, and Success)"
228875,363600,3636,Texas Christian University,Fort Worth,TX,76129,Southern Association of Colleges and Schools Commission on Colleges,https://www.tcu.edu/,https://financialaid.tcu.edu/cost/net-price-calculator.php,6,11,32.70961,1303,800,14800,4240,14800,4240,5,"Texas Grant (Towards Excellence, Access, and Success)"
228981,364100,3641,Texas Lutheran University,Seguin,TX,78155-5999,Southern Association of Colleges and Schools Commission on Colleges,www.tlu.edu/,www.tlu.edu/costs?rc=0,6,31,29.573261,1124,1000,11880,3650,14640,5920,5,"Texas Grant (Towards Excellence, Access, and Success)"
229115,364400,3644,Texas Tech University,Lubbock,TX,79409-5005,Southern Association of Colleges and Schools Commission on Colleges,www.ttu.edu/,www.depts.ttu.edu/financialaid/netCostCalcHome.php,6,11,33.583448,1182,1200,10460,4510,10460,4510,4,"Texas Grant (Towards Excellence, Access, and Success)"
229063,364200,3642,Texas Southern University,Houston,TX,77004,Southern Association of Colleges and Schools Commission on Colleges,www.tsu.edu/,www.tsu.edu/admissions/financial-aid/net-price-calculator,6,11,29.721046,913,1654,10914,6028,15320,6028,4,"Texas Grant (Towards Excellence, Access, and Success)"
229267,364700,3647,Trinity University,San Antonio,TX,78212-7200,Southern Association of Colleges and Schools Commission on Colleges,https://new.trinity.edu/,https://trinity.edu/directory/departments-offices/student-financial-services/tuition-fees,6,11,29.462682,1407,1000,14472,1400,14472,1400,5,"Texas Grant (Towards Excellence, Access, and Success)"
230038,367000,3670,Brigham Young University,Provo,UT,84602,Northwest Commission on Colleges and Universities,https://byu.edu/,https://enrollment.byu.edu/financialaid/net-price-calculator,7,12,40.250851,1376,1040,9720,5736,9720,5736,5,"Utah Promise Grant, For Utah Scholarship"
230171,367100,3671,Utah Tech University,Saint George,UT,84770-3876,Northwest Commission on Colleges and Universities,utahtech.edu/,https://utahtech.studentaidcalculator.com/survey.aspx,7,12,37.102769,NA,900,9308,7382,9308,7382,1,"Utah Promise Grant, For Utah Scholarship"
230728,367700,3677,Utah State University,Logan,UT,84322-1400,Northwest Commission on Colleges and Universities,https://www.usu.edu/,https://www.usu.edu/admissions/costs-and-aid/,7,13,41.740748,1189,856,8644,4192,8890,4192,4,"Utah Promise Grant, For Utah Scholarship"
230737,402700,4027,Utah Valley University,Orem,UT,84058-5999,Northwest Commission on Colleges and Universities,www.uvu.edu/,www.uvu.edu/financialaid/docs/net_price_calculator/npcalc.html,7,13,40.281078,NA,670,NA,NA,9234,3556,4,"Utah Promise Grant, For Utah Scholarship"
230764,367500,3675,University of Utah,Salt Lake City,UT,84112-9008,Northwest Commission on Colleges and Universities,www.utah.edu/,financialaid.utah.edu/tuition-and-fees/cost-calculator.php,7,12,40.762484,1231,1100,12398,7800,18200,7800,4,"Utah Promise Grant, For Utah Scholarship"
230782,368000,3680,Weber State University,Ogden,UT,84408-1001,Northwest Commission on Colleges and Universities,https://www.weber.edu/,https://www.weber.edu/IR/NetPriceCalculator.html,7,13,41.192591,NA,1400,9232,5060,7380,5060,7,"Utah Promise Grant, For Utah Scholarship"
230959,369100,3691,Middlebury College,Middlebury,VT,5753,New England Commission on Higher Education,https://www.middlebury.edu/college/,https://www.middlebury.edu/student-financial-services/financial-tools-and-resources/cost-calculators#net-price-calculator,1,32,44.009117,1500,1000,18600,1000,7700,6080,5,Vermont Incentive Grant
231165,369800,3698,Vermont State University,Randolph,VT,5061,New England Commission on Higher Education,vermontstate.edu/,https://vermontstate.edu/admission/financial-aid/,1,43,43.939623,NA,1000,12898,1650,13326,2340,4,Vermont Incentive Grant
231174,369600,3696,University of Vermont,Burlington,VT,05405-0160,New England Commission on Higher Education,www.uvm.edu/,www.uvm.edu/studentfinancialservices/net_price_calculator,1,13,44.477325,1357,1200,13354,2354,15014,3260,4,Vermont Incentive Grant
231624,370500,3705,William & Mary,Williamsburg,VA,23187-8795,Southern Association of Colleges and Schools Commission on Colleges,https://www.wm.edu/,https://npc.collegeboard.org/app/wm,5,23,37.269489,1458,1080,14555,2360,14555,2360,4,"Virginia Commonwealth Award, Virginia Tuition Assistance Grant Program"
232186,374900,3749,George Mason University,Fairfax,VA,22030-4444,Southern Association of Colleges and Schools Commission on Colleges,https://www2.gmu.edu/,https://gmu.studentaidcalculator.com/survey.aspx,5,21,38.83195,1247,1278,15151,3504,15151,7790,4,Virginia Commonwealth Award
232423,372100,3721,James Madison University,Harrisonburg,VA,22807,Southern Association of Colleges and Schools Commission on Colleges,www.jmu.edu/,www.jmu.edu/financialaid/calculators/index.shtml,5,13,38.436311,1247,1254,12584,4560,12584,4560,4,Virginia Commonwealth Award
233374,374400,3744,University of Richmond,University of Richmond,VA,23173,Southern Association of Colleges and Schools Commission on Colleges,https://www.richmond.edu/,https://npc.collegeboard.org/app/richmond,5,12,37.577393,1474,1000,16210,1510,16210,1510,5,"Virginia Commonwealth Award, Virginia Tuition Assistance Grant Program"
234076,374500,3745,University of Virginia-Main Campus,Charlottesville,VA,22903-2628,Southern Association of Colleges and Schools Commission on Colleges,https://www.virginia.edu/,https://npc.collegeboard.org/student/app/virginia,5,22,38.035665,1488,1480,13940,3520,13940,3520,4,Virginia Commonwealth Award
234155,376400,3764,Virginia State University,Petersburg,VA,23806,Southern Association of Colleges and Schools Commission on Colleges,www.vsu.edu/,npc.collegeboard.org/app/vsu,5,21,37.234692,917,1300,12966,3640,15068,4940,4,Virginia Commonwealth Award
236948,379800,3798,University of Washington-Seattle Campus,Seattle,WA,98195-4550,Northwest Commission on Colleges and Universities,https://www.washington.edu/,https://www.washington.edu/financialaid/getting-started/net-price-calculator/,8,11,47.65538,NA,900,17982,3027,17982,3027,4,Washington State Grant
237330,381000,3810,Concord University,Athens,WV,24712,Higher Learning Commission,https://www.concord.edu/,https://concord.studentaidcalculator.com/survey.aspx,5,41,37.423723,980,1100,12114,3068,12114,3068,4,"WV Higher Education Grant , "
237367,381200,3812,Fairmont State University,Fairmont,WV,26554-2470,Higher Learning Commission,https://www.fairmontstate.edu/,https://fairmontstate.studentaidcalculator.com/survey.aspx,5,32,39.483079,993,1000,11486,2000,11486,2000,4,WV Higher Education Grant 
237783,382000,3820,Salem University,Salem,WV,26426,Higher Learning Commission,https://www.salemu.edu/,https://www.salemu.edu/NPC/index.html,5,42,39.288632,NA,800,8400,2000,8400,2000,6,WV Higher Education Grant 
237899,382600,3826,West Virginia State University,Institute,WV,25112-1000,Higher Learning Commission,www.wvstateu.edu/,https://wvstateu.studentaidcalculator.com/survey.aspx,5,22,38.380541,979,1309,12936,2323,11960,2323,4,WV Higher Education Grant 
239017,385600,3856,Lawrence University,Appleton,WI,54911,Higher Learning Commission,https://www.lawrence.edu/,https://www.collegenpc.com/LawrenceUniversity,3,13,44.261323,1349,900,11838,1650,9087,5643,5,Wisconsin Grant
239105,386300,3863,Marquette University,Milwaukee,WI,53233,Higher Learning Commission,www.marquette.edu/,https://tcc.noellevitz.com/Marquette University/Freshman-Students,3,11,43.03903,1306,720,15740,3270,11660,5950,5,Wisconsin Grant
239390,386900,3869,Mount Mary University,Milwaukee,WI,53222-4597,Higher Learning Commission,www.mtmary.edu/,https://www.mtmary.edu/costs-aid/financial-aid/index.html,3,11,43.072507,1050,1442,10120,6834,6993,6834,5,Wisconsin Grant
240444,389500,3895,University of Wisconsin-Madison,Madison,WI,53706-1380,Higher Learning Commission,www.wisc.edu/,https://financialaid.wisc.edu/net-price-calculator/,3,11,43.075409,1402,1100,13500,3100,13500,3100,4,Wisconsin Grant
240727,393200,3932,University of Wyoming,Laramie,WY,82071,Higher Learning Commission,https://www.uwyo.edu/,https://www.uwyo.edu/sfa/net-price-calculator/index.html,7,33,41.311773,NA,1670,13340,3920,9140,4480,4,Wyoming Hathaway Scholarship Program
